[
  {
    "title": "서비스",
    "subtitle": ["기업체 구매", "페이셜 어포인트먼트", "1:1 채팅 상담", "린스 앤 리턴 캠페인"]
  },
  {
    "title": "위치 기본 설정",
    "subtitle": ["배송: 대한민국", "언어 : 한국어"]
  },
  {
    "title": "주문 및 지원",
    "subtitle": ["문의하기", "배송", "배송 조회하기", "주문내역","자주 묻는 질문", "반품", "이용약관"]
  },
  {
    "title": "소셜",
    "subtitle": ["Instagram","Twitter", "Linkedin","Kakao Plus Friend"]
  },
  {
    "title": "주의",
    "subtitle": ["상호:이솝코리아 유한 회사 | 주소: 서울특별시 강남구 도산대로 45길 10-6 이솝코리아 | 대표자: 프레데리크미셸어완세일러 | 대표전화: 1800-1987 | 대표 이메일: aesop@aesop.com | 호스팅 사업자: SAP Hybris | 사업자 등록 번호: 220-88-561014 사업자정보확인 | 통신판매업 신고번호: 2014-서울강남-02300 "]
  }
]